Workbook

Sheet DailySpend
A1: Date | B1: Credit Card | C1: Category | D1: Amount | E1: Notes | F1: Cashback Earned

Sheet MonthlySummary
A1: Month | B1: Total Spend HDFC TATA NEU | C1: Total Spend AXIS AIRTEL | D1: Total Spend AXIS MYZONE | E1: Total Spend SBI SIMPLYSAVE | F1: Total Spend ROAR BANK | G1: Total Spend AXIS PRIVILAGE | H1: Total Spend HDFC SWIGGY | I1: Total Spend JUPITER | J1: Total Spend YES RUPAY | K1: Total Spend INDUSIND EAZYDINER | L1: Total Spend ONECARD | M1: Total Spend YES ACE | N1: Total Spend RBL SHOPRITE | O1: Total Cashback HDFC TATA NEU | P1: Total Cashback AXIS AIRTEL | Q1: Total Cashback AXIS MYZONE | R1: Total Cashback SBI SIMPLYSAVE | S1: Total Cashback ROAR BANK | T1: Total Cashback AXIS PRIVILAGE | U1: Total Cashback HDFC SWIGGY | V1: Total Cashback JUPITER | W1: Total Cashback YES RUPAY | X1: Total Cashback INDUSIND EAZYDINER | Y1: Total Cashback ONECARD | Z1: Total Cashback YES ACE | AA1: Total Cashback RBL SHOPRITE | AB1: Total Spend | AC1: Total Cashback
A2: Nov-2025 | B2: =SUMIFS(DailySpend!D:D,DailySpend!B:B,"HDFC TATA NEU",DailySpend!A:A,">=2025-11-01",DailySpend!A:A,"<2025-12-01") -> 0 | C2: =SUMIFS(DailySpend!D:D,DailySpend!B:B,"AXIS AIRTEL",DailySpend!A:A,">=2025-11-01",DailySpend!A:A,"<2025-12-01") -> 0 | D2: =SUMIFS(DailySpend!D:D,DailySpend!B:B,"AXIS MYZONE",DailySpend!A:A,">=2025-11-01",DailySpend!A:A,"<2025-12-01") -> 0 | E2: =SUMIFS(DailySpend!D:D,DailySpend!B:B,"SBI SIMPLYSAVE",DailySpend!A:A,">=2025-11-01",DailySpend!A:A,"<2025-12-01") -> 0 | F2: =SUMIFS(DailySpend!D:D,DailySpend!B:B,"ROAR BANK",DailySpend!A:A,">=2025-11-01",DailySpend!A:A,"<2025-12-01") -> 0 | G2: =SUMIFS(DailySpend!D:D,DailySpend!B:B,"AXIS PRIVILAGE",DailySpend!A:A,">=2025-11-01",DailySpend!A:A,"<2025-12-01") -> 0 | H2: =SUMIFS(DailySpend!D:D,DailySpend!B:B,"HDFC SWIGGY",DailySpend!A:A,">=2025-11-01",DailySpend!A:A,"<2025-12-01") -> 0 | I2: =SUMIFS(DailySpend!D:D,DailySpend!B:B,"JUPITER",DailySpend!A:A,">=2025-11-01",DailySpend!A:A,"<2025-12-01") -> 0 | J2: =SUMIFS(DailySpend!D:D,DailySpend!B:B,"YES RUPAY",DailySpend!A:A,">=2025-11-01",DailySpend!A:A,"<2025-12-01") -> 0 | K2: =SUMIFS(DailySpend!D:D,DailySpend!B:B,"INDUSIND EAZYDINER",DailySpend!A:A,">=2025-11-01",DailySpend!A:A,"<2025-12-01") -> 0 | L2: =SUMIFS(DailySpend!D:D,DailySpend!B:B,"ONECARD",DailySpend!A:A,">=2025-11-01",DailySpend!A:A,"<2025-12-01") -> 0 | M2: =SUMIFS(DailySpend!D:D,DailySpend!B:B,"YES ACE",DailySpend!A:A,">=2025-11-01",DailySpend!A:A,"<2025-12-01") -> 0 | N2: =SUMIFS(DailySpend!D:D,DailySpend!B:B,"RBL SHOPRITE",DailySpend!A:A,">=2025-11-01",DailySpend!A:A,"<2025-12-01") -> 0 | O2: =SUMIFS(DailySpend!F:F,DailySpend!B:B,"HDFC TATA NEU",DailySpend!A:A,">=2025-11-01",DailySpend!A:A,"<2025-12-01") -> 0 | P2: =SUMIFS(DailySpend!F:F,DailySpend!B:B,"AXIS AIRTEL",DailySpend!A:A,">=2025-11-01",DailySpend!A:A,"<2025-12-01") -> 0 | Q2: =SUMIFS(DailySpend!F:F,DailySpend!B:B,"AXIS MYZONE",DailySpend!A:A,">=2025-11-01",DailySpend!A:A,"<2025-12-01") -> 0 | R2: =SUMIFS(DailySpend!F:F,DailySpend!B:B,"SBI SIMPLYSAVE",DailySpend!A:A,">=2025-11-01",DailySpend!A:A,"<2025-12-01") -> 0 | S2: =SUMIFS(DailySpend!F:F,DailySpend!B:B,"ROAR BANK",DailySpend!A:A,">=2025-11-01",DailySpend!A:A,"<2025-12-01") -> 0 | T2: =SUMIFS(DailySpend!F:F,DailySpend!B:B,"AXIS PRIVILAGE",DailySpend!A:A,">=2025-11-01",DailySpend!A:A,"<2025-12-01") -> 0 | U2: =SUMIFS(DailySpend!F:F,DailySpend!B:B,"HDFC SWIGGY",DailySpend!A:A,">=2025-11-01",DailySpend!A:A,"<2025-12-01") -> 0 | V2: =SUMIFS(DailySpend!F:F,DailySpend!B:B,"JUPITER",DailySpend!A:A,">=2025-11-01",DailySpend!A:A,"<2025-12-01") -> 0 | W2: =SUMIFS(DailySpend!F:F,DailySpend!B:B,"YES RUPAY",DailySpend!A:A,">=2025-11-01",DailySpend!A:A,"<2025-12-01") -> 0 | X2: =SUMIFS(DailySpend!F:F,DailySpend!B:B,"INDUSIND EAZYDINER",DailySpend!A:A,">=2025-11-01",DailySpend!A:A,"<2025-12-01") -> 0 | Y2: =SUMIFS(DailySpend!F:F,DailySpend!B:B,"ONECARD",DailySpend!A:A,">=2025-11-01",DailySpend!A:A,"<2025-12-01") -> 0 | Z2: =SUMIFS(DailySpend!F:F,DailySpend!B:B,"YES ACE",DailySpend!A:A,">=2025-11-01",DailySpend!A:A,"<2025-12-01") -> 0 | AA2: =SUMIFS(DailySpend!F:F,DailySpend!B:B,"RBL SHOPRITE",DailySpend!A:A,">=2025-11-01",DailySpend!A:A,"<2025-12-01") -> 0 | AB2: =SUM(B2:N2) -> 0 | AC2: =SUM(O2:AA2) -> 0

Sheet AnnualFees
A1: Credit Card | B1: Annual Fee | C1: Waiver Limit | D1: Spend YTD | E1: Cashback YTD | F1: Waived?
D2: =SUMIFS(DailySpend!D:D,DailySpend!B:B,A2) -> 0 | E2: =SUMIFS(DailySpend!F:F,DailySpend!B:B,A2) -> 0 | F2: =IF(D2>=C2,"Yes","No") -> Yes
D3: =SUMIFS(DailySpend!D:D,DailySpend!B:B,A3) -> 0 | E3: =SUMIFS(DailySpend!F:F,DailySpend!B:B,A3) -> 0 | F3: =IF(D3>=C3,"Yes","No") -> Yes
D4: =SUMIFS(DailySpend!D:D,DailySpend!B:B,A4) -> 0 | E4: =SUMIFS(DailySpend!F:F,DailySpend!B:B,A4) -> 0 | F4: =IF(D4>=C4,"Yes","No") -> Yes
D5: =SUMIFS(DailySpend!D:D,DailySpend!B:B,A5) -> 0 | E5: =SUMIFS(DailySpend!F:F,DailySpend!B:B,A5) -> 0 | F5: =IF(D5>=C5,"Yes","No") -> Yes
D6: =SUMIFS(DailySpend!D:D,DailySpend!B:B,A6) -> 0 | E6: =SUMIFS(DailySpend!F:F,DailySpend!B:B,A6) -> 0 | F6: =IF(D6>=C6,"Yes","No") -> Yes
D7: =SUMIFS(DailySpend!D:D,DailySpend!B:B,A7) -> 0 | E7: =SUMIFS(DailySpend!F:F,DailySpend!B:B,A7) -> 0 | F7: =IF(D7>=C7,"Yes","No") -> Yes
D8: =SUMIFS(DailySpend!D:D,DailySpend!B:B,A8) -> 0 | E8: =SUMIFS(DailySpend!F:F,DailySpend!B:B,A8) -> 0 | F8: =IF(D8>=C8,"Yes","No") -> Yes
D9: =SUMIFS(DailySpend!D:D,DailySpend!B:B,A9) -> 0 | E9: =SUMIFS(DailySpend!F:F,DailySpend!B:B,A9) -> 0 | F9: =IF(D9>=C9,"Yes","No") -> Yes
D10: =SUMIFS(DailySpend!D:D,DailySpend!B:B,A10) -> 0 | E10: =SUMIFS(DailySpend!F:F,DailySpend!B:B,A10) -> 0 | F10: =IF(D10>=C10,"Yes","No") -> Yes
D11: =SUMIFS(DailySpend!D:D,DailySpend!B:B,A11) -> 0 | E11: =SUMIFS(DailySpend!F:F,DailySpend!B:B,A11) -> 0 | F11: =IF(D11>=C11,"Yes","No") -> Yes
D12: =SUMIFS(DailySpend!D:D,DailySpend!B:B,A12) -> 0 | E12: =SUMIFS(DailySpend!F:F,DailySpend!B:B,A12) -> 0 | F12: =IF(D12>=C12,"Yes","No") -> Yes
D13: =SUMIFS(DailySpend!D:D,DailySpend!B:B,A13) -> 0 | E13: =SUMIFS(DailySpend!F:F,DailySpend!B:B,A13) -> 0 | F13: =IF(D13>=C13,"Yes","No") -> Yes
D14: =SUMIFS(DailySpend!D:D,DailySpend!B:B,A14) -> 0 | E14: =SUMIFS(DailySpend!F:F,DailySpend!B:B,A14) -> 0 | F14: =IF(D14>=C14,"Yes","No") -> Yes

Sheet Instructions
A1: Thanks for letting me know, Lokeswar. Here's how to get your Excel file if you're having trouble downloading it: ## 🛠️ How to Download the Excel File When I generate a file for you, it appears as a **card above my message** — usually with a filename like `SpendTracker.xlsx`. To download it: 1. **Look above this message** for a card with a download icon or file name. 2. **Click or tap the card** — it will open or download the Excel file. 3. If you're on mobile, you may need to scroll up slightly or tap the file to open it in your spreadsheet app. If you don’t see the card or it didn’t appear, I can regenerate the file for you right now. Just say the word and I’ll rebuild it with all 13 credit cards in ALL CAPS, monthly and annual tracking, and cashback columns.
